image;label
../data/modeling/renault/renault_megane_trophy_56.jpg;1
../data/modeling/renault/renault_wind_26.jpg;1
../data/modeling/other/mercedes_classe_c_87.jpg;0
../data/modeling/other/06534.jpg;0
../data/modeling/renault/renault_captur_bleu_57.jpg;1
../data/modeling/other/05207.jpg;0
../data/modeling/renault/renault_twingo2_52.jpg;1
../data/modeling/renault/renault_alaskan_47.jpg;1
../data/modeling/renault/renault_scenic_noir_40.jpg;1
../data/modeling/renault/renault_pulse_noir_55.jpg;1
../data/modeling/other/bmw_serie3_64.jpg;0
../data/modeling/other/05877.jpg;0
../data/modeling/other/07097.jpg;0
../data/modeling/other/07496.jpg;0
../data/modeling/renault/renault_kangoo_blanc_12.jpg;1
../data/modeling/renault/renault_kadjar_noir_17.jpg;1
../data/modeling/renault/renault_espace_initial_33.jpg;1
../data/modeling/renault/renault_captur_rouge_33.jpg;1
../data/modeling/other/06314.jpg;0
../data/modeling/other/06097.jpg;0
../data/modeling/other/07971.jpg;0
../data/modeling/other/05137.jpg;0
../data/modeling/other/07223.jpg;0
../data/modeling/other/ford_focus_45.jpg;0
../data/modeling/other/00528.jpg;0
../data/modeling/renault/renault_logan_gris_71.jpg;1
../data/modeling/renault/renault_wind_rouge_52.jpg;1
../data/modeling/other/08051.jpg;0
../data/modeling/renault/renault_logan_noir_37.jpg;1
../data/modeling/renault/renault_wing_sport_7.jpg;1
../data/modeling/other/range_rover_1.jpg;0
../data/modeling/renault/renault_kangoo_jaune_48.jpg;1
../data/modeling/other/06343.jpg;0
../data/modeling/other/07092.jpg;0
../data/modeling/other/peugeot_108_14.jpg;0
../data/modeling/renault/renault_zoe_gris_52.jpg;1
../data/modeling/renault/renault_laguna_6.jpg;1
../data/modeling/other/07891.jpg;0
../data/modeling/other/00356.jpg;0
../data/modeling/renault/renault_wind_bleu_38.jpg;1
../data/modeling/renault/renault_talisman_gris_18.jpg;1
../data/modeling/renault/renault_twingo3_61.jpg;1
../data/modeling/renault/renault_captur_rouge_1.jpg;1
../data/modeling/other/07762.jpg;0
../data/modeling/other/mercedes_class_e_19.jpg;0
../data/modeling/renault/renault_espace_64.jpg;1
../data/modeling/renault/renault_talisman_blanc_38.jpg;1
../data/modeling/other/02604.jpg;0
../data/modeling/other/08132.jpg;0
../data/modeling/renault/renault_clio_gt_5.jpg;1
../data/modeling/other/07309.jpg;0
../data/modeling/other/07756.jpg;0
../data/modeling/renault/renault_talisman_noir_3.jpg;1
../data/modeling/renault/renault_pulse_33.jpg;1
../data/modeling/other/05074.jpg;0
../data/modeling/renault/renault_wind_gris_42.jpg;1
../data/modeling/other/range_rover_15.jpg;0
../data/modeling/renault/renault_clio_v6_55.jpg;1
../data/modeling/renault/renault_clio_v6_91.jpg;1
../data/modeling/other/07918.jpg;0
../data/modeling/other/05790.jpg;0
../data/modeling/other/audi_a8_6.jpg;0
../data/modeling/other/06216.jpg;0
../data/modeling/other/07135.jpg;0
../data/modeling/other/02599.jpg;0
../data/modeling/other/range_rover_5.jpg;0
../data/modeling/renault/renault_talisman_blanc_61.jpg;1
../data/modeling/renault/renault_megane_bleue_8.jpg;1
../data/modeling/other/vw_passat_15.jpg;0
../data/modeling/other/bmw_x4_44.jpg;0
../data/modeling/renault/renault_twingo_gt_17.jpg;1
../data/modeling/other/00518.jpg;0
../data/modeling/other/bmw_serie3_68.jpg;0
../data/modeling/renault/renault_clio_gt_2.jpg;1
../data/modeling/renault/renault_megane_bleue_58.jpg;1
../data/modeling/renault/renault_pulse_jaune_38.jpg;1
../data/modeling/renault/renault_kadjar_gris_45.jpg;1
../data/modeling/renault/renault_twingo_rs_48.jpg;1
../data/modeling/renault/renault_pulse_52.jpg;1
../data/modeling/other/vw_golf_2.jpg;0
../data/modeling/other/citroen_ds3_75.jpg;0
../data/modeling/renault/renault_laguna_gris_18.jpg;1
../data/modeling/other/07324.jpg;0
../data/modeling/renault/renault_r5_86.jpg;1
../data/modeling/other/bmw_serie1_54.jpg;0
../data/modeling/other/audi_a4_49.jpg;0
../data/modeling/other/mercedes_classe_c_19.jpg;0
../data/modeling/renault/renault_kangoo_blanc_65.jpg;1
../data/modeling/other/05218.jpg;0
../data/modeling/other/00087.jpg;0
../data/modeling/renault/renault_captur_gris_50.jpg;1
../data/modeling/other/06270.jpg;0
../data/modeling/renault/renault_laguna_noir_85.jpg;1
../data/modeling/renault/renault_clio_rouge_37.jpg;1
../data/modeling/renault/renault_captur_9.jpg;1
../data/modeling/renault/renault_laguna_70.jpg;1
../data/modeling/renault/renault_f1_85.jpg;1
../data/modeling/other/05844.jpg;0
../data/modeling/renault/renault_espace_bleu_69.jpg;1
../data/modeling/renault/renault_talisman_gris_12.jpg;1
../data/modeling/renault/renault_captur_orange_64.jpg;1
../data/modeling/renault/renault_megane_trophy_18.jpg;1
../data/modeling/other/audi_a8_58.jpg;0
../data/modeling/renault/renault_koleos_noir_51.jpg;1
../data/modeling/other/mercedes_class_e_65.jpg;0
../data/modeling/other/fiat_500_15.jpg;0
../data/modeling/renault/renault_megane_gt_60.jpg;1
../data/modeling/other/00647.jpg;0
../data/modeling/renault/renault_twingo2_44.jpg;1
../data/modeling/other/mercedes_classe_c_80.jpg;0
../data/modeling/other/bmw_serie1_27.jpg;0
../data/modeling/other/07310.jpg;0
../data/modeling/renault/renault_espace_60.jpg;1
../data/modeling/other/00525.jpg;0
../data/modeling/other/05564.jpg;0
../data/modeling/renault/renault_kadjar_gris_59.jpg;1
../data/modeling/renault/renault_captur_48.jpg;1
../data/modeling/renault/renault_fluence_vert_10.jpg;1
../data/modeling/other/06657.jpg;0
../data/modeling/renault/renault_scenic_jaune_47.jpg;1
../data/modeling/renault/renault_pulse_jaune_28.jpg;1
../data/modeling/other/06946.jpg;0
../data/modeling/other/08061.jpg;0
../data/modeling/renault/renault_megane_jaune_40.jpg;1
../data/modeling/other/07921.jpg;0
../data/modeling/renault/renault_clio_trophy_67.jpg;1
../data/modeling/other/07555.jpg;0
../data/modeling/renault/renault_laguna_gris_53.jpg;1
../data/modeling/renault/renault_captur_orange_16.jpg;1
../data/modeling/renault/renault_twingo2_57.jpg;1
../data/modeling/renault/renault_zoe_400km_49.jpg;1
../data/modeling/other/fiat_500_70.jpg;0
../data/modeling/renault/renault_espace_gris_56.jpg;1
../data/modeling/other/08039.jpg;0
../data/modeling/renault/renault_espace_gris_51.jpg;1
../data/modeling/renault/renault_scenic_39.jpg;1
../data/modeling/renault/renault_captur_orange_76.jpg;1
../data/modeling/renault/renault_captur_rouge_41.jpg;1
../data/modeling/renault/renault_fluence_65.jpg;1
../data/modeling/renault/renault_kadjar_gris_11.jpg;1
../data/modeling/other/vw_passat_42.jpg;0
../data/modeling/renault/renault_kadjar_6.jpg;1
../data/modeling/other/05429.jpg;0
../data/modeling/other/06757.jpg;0
../data/modeling/other/05887.jpg;0
../data/modeling/renault/renault_captur_gris_83.jpg;1
../data/modeling/other/07858.jpg;0
../data/modeling/renault/renault_laguna_3.jpg;1
../data/modeling/renault/renault_logan_74.jpg;1
../data/modeling/renault/renault_kadjar_gris_53.jpg;1
../data/modeling/renault/renault_scenic_noir_36.jpg;1
../data/modeling/renault/renault_wind_54.jpg;1
../data/modeling/other/mercedes_class_e_36.jpg;0
../data/modeling/other/00368.jpg;0
../data/modeling/other/06579.jpg;0
../data/modeling/renault/renault_logan_gris_58.jpg;1
../data/modeling/renault/renault_pulse_blanc_10.jpg;1
../data/modeling/renault/renault_scenic_noir_1.jpg;1
../data/modeling/renault/renault_koleos_blanc_25.jpg;1
../data/modeling/renault/renault_megane_noir_19.jpg;1
../data/modeling/other/06964.jpg;0
../data/modeling/renault/renault_espace_gris_31.jpg;1
../data/modeling/other/07238.jpg;0
../data/modeling/renault/renault_rs16_64.jpg;1
../data/modeling/other/06015.jpg;0
../data/modeling/other/00515.jpg;0
../data/modeling/other/05222.jpg;0
../data/modeling/renault/renault_fluence_noir_60.jpg;1
../data/modeling/other/05230.jpg;0
../data/modeling/other/08128.jpg;0
../data/modeling/other/00419.jpg;0
../data/modeling/other/05679.jpg;0
../data/modeling/renault/renault_megane_25.jpg;1
../data/modeling/other/peugeot_108_37.jpg;0
../data/modeling/other/audi_a8_45.jpg;0
../data/modeling/other/audi_a8_64.jpg;0
../data/modeling/other/00378.jpg;0
../data/modeling/renault/renault_twingo2_45.jpg;1
../data/modeling/other/06580.jpg;0
../data/modeling/renault/renault_wind_45.jpg;1
../data/modeling/renault/renault_wing_sport_9.jpg;1
../data/modeling/renault/renault_espace_bleu_66.jpg;1
../data/modeling/renault/renault_kadjar_gris_68.jpg;1
../data/modeling/other/06280.jpg;0
../data/modeling/other/00601.jpg;0
../data/modeling/other/07326.jpg;0
../data/modeling/other/00585.jpg;0
../data/modeling/renault/renault_laguna_noir_13.jpg;1
../data/modeling/other/06745.jpg;0
../data/modeling/renault/renault_clio_v6_42.jpg;1
../data/modeling/other/06512.jpg;0
../data/modeling/other/07904.jpg;0
../data/modeling/renault/renault_zoe_blanc_47.jpg;1
../data/modeling/renault/renault_koleos_72.jpg;1
../data/modeling/other/07516.jpg;0
../data/modeling/other/05567.jpg;0
../data/modeling/renault/renault_alaskan_gris_12.jpg;1
../data/modeling/other/07368.jpg;0
../data/modeling/renault/renault_megane_jaune_65.jpg;1
../data/modeling/other/05495.jpg;0
../data/modeling/other/peugeot_108_48.jpg;0
../data/modeling/other/07290.jpg;0
../data/modeling/renault/renault_fluence_noir_40.jpg;1
../data/modeling/renault/renault_laguna_36.jpg;1
../data/modeling/renault/renault_r5_turbo2_7.jpg;1
../data/modeling/other/00354.jpg;0
../data/modeling/other/05288.jpg;0
../data/modeling/renault/renault_scenic_2.jpg;1
../data/modeling/renault/renault_espace_noir_23.jpg;1
../data/modeling/other/05826.jpg;0
../data/modeling/other/ford_fiesta_36.jpg;0
../data/modeling/other/05585.jpg;0
../data/modeling/other/audi_a3_40.jpg;0
../data/modeling/renault/renault_scenic_jaune_8.jpg;1
../data/modeling/renault/renault_wind_22.jpg;1
../data/modeling/other/05835.jpg;0
../data/modeling/other/ford_focus_15.jpg;0
../data/modeling/renault/renault_megane_noir_13.jpg;1
../data/modeling/renault/renault_pulse_noir_57.jpg;1
../data/modeling/renault/renault_clio_39.jpg;1
../data/modeling/renault/renault_twingo_rs_85.jpg;1
../data/modeling/renault/renault_twingo_rs_13.jpg;1
../data/modeling/renault/renault_clio_rouge_55.jpg;1
../data/modeling/renault/renault_pulse_73.jpg;1
../data/modeling/renault/renault_twingo_80.jpg;1
../data/modeling/renault/renault_espace_gris_67.jpg;1
../data/modeling/renault/renault_koleos_blanc_77.jpg;1
../data/modeling/other/ford_focus_60.jpg;0
../data/modeling/renault/renault_fluence_noir_57.jpg;1
../data/modeling/other/peugeot_5008_14.jpg;0
../data/modeling/other/06356.jpg;0
../data/modeling/renault/renault_espace_gris_36.jpg;1
../data/modeling/other/toyota_yaris_20.jpg;0
../data/modeling/renault/renault_talisman_gris_26.jpg;1
../data/modeling/other/07711.jpg;0
../data/modeling/renault/renault_wind_bleu_56.jpg;1
../data/modeling/other/07465.jpg;0
../data/modeling/renault/renault_laguna_32.jpg;1
../data/modeling/other/audi_a8_76.jpg;0
../data/modeling/other/05057.jpg;0
../data/modeling/renault/renault_kadjar_gris_57.jpg;1
../data/modeling/other/06114.jpg;0
../data/modeling/other/bmw_serie1_8.jpg;0
../data/modeling/other/06066.jpg;0
../data/modeling/renault/renault_wing_sport_68.jpg;1
../data/modeling/other/06009.jpg;0
../data/modeling/renault/renault_clio_blanche_51.jpg;1
../data/modeling/renault/renault_captur_rouge_53.jpg;1
../data/modeling/other/06312.jpg;0
../data/modeling/other/00016.jpg;0
../data/modeling/other/audi_a4_12.jpg;0
../data/modeling/other/07470.jpg;0
../data/modeling/renault/renault_espace_19.jpg;1
../data/modeling/renault/renault_clio_trophy_63.jpg;1
../data/modeling/other/05327.jpg;0
../data/modeling/other/bmw_x4_35.jpg;0
../data/modeling/renault/renault_megane_39.jpg;1
../data/modeling/other/05581.jpg;0
../data/modeling/other/05181.jpg;0
../data/modeling/renault/renault_wind_rouge_41.jpg;1
../data/modeling/renault/renault_kangoo_blanc_44.jpg;1
../data/modeling/renault/renault_captur_rouge_3.jpg;1
../data/modeling/renault/renault_captur_bleu_32.jpg;1
../data/modeling/other/07765.jpg;0
../data/modeling/renault/renault_scenic_jaune_12.jpg;1
../data/modeling/renault/renault_clio_blanche_6.jpg;1
../data/modeling/other/07401.jpg;0
../data/modeling/other/vw_golf_13.jpg;0
../data/modeling/renault/renault_kangoo_66.jpg;1
../data/modeling/renault/renault_megane_rs_41.jpg;1
../data/modeling/other/07792.jpg;0
../data/modeling/other/mercedes_class_e_9.jpg;0
../data/modeling/renault/renault_koleos_gris_31.jpg;1
../data/modeling/renault/renault_twingo_rs_87.jpg;1
../data/modeling/renault/renault_koleos_67.jpg;1
../data/modeling/other/06625.jpg;0
../data/modeling/renault/renault_logan_gris_29.jpg;1
../data/modeling/renault/renault_twingo_rs_61.jpg;1
../data/modeling/other/audi_a8_52.jpg;0
../data/modeling/renault/renault_kadjar_gris_7.jpg;1
../data/modeling/renault/renault_clio_trophy_30.jpg;1
../data/modeling/other/bmw_serie3_15.jpg;0
../data/modeling/renault/renault_kadjar_50.jpg;1
../data/modeling/renault/renault_clio_v6_85.jpg;1
../data/modeling/renault/renault_kadjar_36.jpg;1
../data/modeling/renault/renault_espace_initial_5.jpg;1
../data/modeling/other/audi_a3_2.jpg;0
../data/modeling/renault/renault_espace_noir_79.jpg;1
../data/modeling/other/07044.jpg;0
../data/modeling/renault/renault_kadjar_bleu_18.jpg;1
../data/modeling/other/07137.jpg;0
../data/modeling/other/05430.jpg;0
../data/modeling/renault/renault_koleos_gris_6.jpg;1
../data/modeling/other/07640.jpg;0
../data/modeling/other/07519.jpg;0
../data/modeling/renault/renault_captur_36.jpg;1
../data/modeling/other/07739.jpg;0
../data/modeling/other/05928.jpg;0
../data/modeling/renault/renault_clio_rs_61.jpg;1
../data/modeling/renault/renault_clio_trophy_59.jpg;1
../data/modeling/renault/renault_koleos_gris_20.jpg;1
../data/modeling/other/05214.jpg;0
../data/modeling/other/08115.jpg;0
../data/modeling/other/06027.jpg;0
../data/modeling/other/citroen_c3_30.jpg;0
../data/modeling/renault/renault_rs17_55.jpg;1
../data/modeling/other/07476.jpg;0
../data/modeling/other/07492.jpg;0
../data/modeling/renault/renault_kadjar_34.jpg;1
../data/modeling/renault/renault_clio_blanche_20.jpg;1
../data/modeling/other/05864.jpg;0
../data/modeling/renault/renault_koleos_noir_27.jpg;1
../data/modeling/other/07222.jpg;0
../data/modeling/other/06448.jpg;0
../data/modeling/other/05117.jpg;0
../data/modeling/renault/renault_scenic_noir_46.jpg;1
../data/modeling/renault/renault_zoe_blanc_49.jpg;1
../data/modeling/renault/renault_espace_bleu_26.jpg;1
../data/modeling/other/07714.jpg;0
../data/modeling/other/audi_a8_10.jpg;0
../data/modeling/renault/renault_rs01_11.jpg;1
../data/modeling/renault/renault_megane_noir_41.jpg;1
../data/modeling/other/06494.jpg;0
../data/modeling/other/07271.jpg;0
../data/modeling/other/bmw_serie3_33.jpg;0
../data/modeling/other/06146.jpg;0
../data/modeling/other/peugeot_5008_4.jpg;0
../data/modeling/renault/renault_talisman_6.jpg;1
../data/modeling/other/bmw_serie1_49.jpg;0
../data/modeling/other/05532.jpg;0
../data/modeling/renault/renault_talisman_76.jpg;1
../data/modeling/renault/renault_laguna_noir_11.jpg;1
../data/modeling/other/00640.jpg;0
../data/modeling/renault/renault_alaskan_blanc_3.jpg;1
../data/modeling/renault/renault_kadjar_bleu_73.jpg;1
../data/modeling/renault/renault_espace_noir_17.jpg;1
../data/modeling/other/citroen_picasso_64.jpg;0
../data/modeling/other/06674.jpg;0
../data/modeling/other/08055.jpg;0
../data/modeling/other/05712.jpg;0
../data/modeling/renault/renault_megane_trophy_25.jpg;1
../data/modeling/renault/renault_kadjar_bleu_37.jpg;1
../data/modeling/renault/renault_laguna_blanc_61.jpg;1
../data/modeling/other/08126.jpg;0
../data/modeling/other/05162.jpg;0
../data/modeling/renault/renault_kangoo_blanc_41.jpg;1
../data/modeling/other/06236.jpg;0
../data/modeling/other/06933.jpg;0
../data/modeling/renault/renault_twingo_rs_24.jpg;1
../data/modeling/renault/renault_clio_33.jpg;1
../data/modeling/renault/renault_pulse_noir_17.jpg;1
../data/modeling/other/00633.jpg;0
../data/modeling/renault/renault_talisman_gris_15.jpg;1
../data/modeling/other/05378.jpg;0
../data/modeling/other/02799.jpg;0
../data/modeling/renault/renault_alaskan_11.jpg;1
../data/modeling/other/audi_a8_54.jpg;0
../data/modeling/renault/renault_megane_bleue_36.jpg;1
../data/modeling/renault/renault_espace_gris_77.jpg;1
../data/modeling/other/06252.jpg;0
../data/modeling/renault/renault_kadjar_13.jpg;1
../data/modeling/other/audi_a3_53.jpg;0
../data/modeling/renault/renault_clio_rs_15.jpg;1
../data/modeling/other/fiat_500_19.jpg;0
../data/modeling/other/07734.jpg;0
../data/modeling/renault/renault_espace_gris_82.jpg;1
../data/modeling/renault/renault_twingo3_27.jpg;1
../data/modeling/other/toyota_yaris_17.jpg;0
../data/modeling/renault/renault_scenic_5.jpg;1
../data/modeling/other/05542.jpg;0
../data/modeling/renault/renault_kangoo_blanc_81.jpg;1
../data/modeling/other/05395.jpg;0
../data/modeling/other/citroen_picasso_6.jpg;0
../data/modeling/renault/renault_espace_57.jpg;1
../data/modeling/renault/renault_twingo_rs_70.jpg;1
../data/modeling/other/bmw_serie3_14.jpg;0
../data/modeling/other/05390.jpg;0
../data/modeling/other/toyota_yaris_51.jpg;0
../data/modeling/other/00011.jpg;0
../data/modeling/other/05385.jpg;0
../data/modeling/other/05861.jpg;0
../data/modeling/other/05120.jpg;0
../data/modeling/other/05051.jpg;0
../data/modeling/other/vw_golf_7.jpg;0
../data/modeling/other/07173.jpg;0
../data/modeling/other/ford_focus_43.jpg;0
../data/modeling/renault/renault_rs01_44.jpg;1
../data/modeling/other/05607.jpg;0
../data/modeling/renault/renault_clio_trophy_5.jpg;1
../data/modeling/other/bmw_x4_68.jpg;0
../data/modeling/other/vw_passat_72.jpg;0
../data/modeling/renault/renault_laguna_38.jpg;1
../data/modeling/other/vw_polo_28.jpg;0
../data/modeling/renault/renault_laguna_gris_22.jpg;1
../data/modeling/other/06458.jpg;0
../data/modeling/other/06740.jpg;0
../data/modeling/other/bmw_serie3_44.jpg;0
../data/modeling/renault/renault_twingo_gt_29.jpg;1
../data/modeling/other/07860.jpg;0
../data/modeling/other/06233.jpg;0
../data/modeling/other/07487.jpg;0
../data/modeling/other/00565.jpg;0
../data/modeling/other/06631.jpg;0
../data/modeling/renault/renault_scenic_noir_37.jpg;1
../data/modeling/renault/renault_espace_initial_42.jpg;1
../data/modeling/renault/renault_kadjar_19.jpg;1
../data/modeling/other/05407.jpg;0
../data/modeling/other/00682.jpg;0
../data/modeling/other/00422.jpg;0
../data/modeling/renault/renault_f1_22.jpg;1
../data/modeling/renault/renault_twingo_57.jpg;1
../data/modeling/renault/renault_kangoo_41.jpg;1
../data/modeling/renault/renault_alaskan_54.jpg;1
../data/modeling/renault/renault_koleos_noir_18.jpg;1
../data/modeling/other/05701.jpg;0
../data/modeling/other/peugeot_5008_27.jpg;0
../data/modeling/other/08062.jpg;0
../data/modeling/other/05832.jpg;0
../data/modeling/renault/renault_espace_bleu_16.jpg;1
../data/modeling/other/07816.jpg;0
../data/modeling/other/00557.jpg;0
../data/modeling/other/vw_passat_14.jpg;0
../data/modeling/other/mercredes_formula1_car_77.jpg;0
../data/modeling/renault/renault_fluence_80.jpg;1
../data/modeling/other/audi_a8_57.jpg;0
../data/modeling/other/07468.jpg;0
../data/modeling/other/07091.jpg;0
../data/modeling/renault/renault_kangoo_jaune_76.jpg;1
../data/modeling/other/peugeot_108_1.jpg;0
../data/modeling/other/00576.jpg;0
../data/modeling/other/mercedes_class_e_20.jpg;0
../data/modeling/renault/renault_pulse_noir_68.jpg;1
../data/modeling/renault/renault_kangoo_71.jpg;1
../data/modeling/other/00413.jpg;0
../data/modeling/other/citroen_picasso_27.jpg;0
../data/modeling/renault/renault_talisman_violet_25.jpg;1
../data/modeling/other/08020.jpg;0
../data/modeling/renault/renault_kadjar_gris_51.jpg;1
../data/modeling/other/05706.jpg;0
../data/modeling/other/05828.jpg;0
../data/modeling/other/06235.jpg;0
../data/modeling/renault/renault_fluence_11.jpg;1
../data/modeling/other/07553.jpg;0
../data/modeling/renault/renault_koleos_blanc_31.jpg;1
../data/modeling/other/vw_polo_1.jpg;0
../data/modeling/other/05022.jpg;0
../data/modeling/other/mercedes_classe_c_79.jpg;0
../data/modeling/renault/renault_clio_gt_16.jpg;1
../data/modeling/renault/renault_wind_85.jpg;1
../data/modeling/other/00735.jpg;0
../data/modeling/other/07000.jpg;0
../data/modeling/renault/renault_pulse_noir_8.jpg;1
../data/modeling/renault/renault_scenic_noir_11.jpg;1
../data/modeling/other/mercedes_class_e_44.jpg;0
../data/modeling/renault/renault_espace_gris_5.jpg;1
../data/modeling/renault/renault_captur_orange_27.jpg;1
../data/modeling/other/07154.jpg;0
../data/modeling/other/vw_passat_11.jpg;0
../data/modeling/other/07133.jpg;0
../data/modeling/renault/renault_clio_6.jpg;1
../data/modeling/other/fiat_500_4.jpg;0
../data/modeling/other/00012.jpg;0
../data/modeling/renault/renault_kadjar_gris_9.jpg;1
../data/modeling/other/05318.jpg;0
../data/modeling/renault/renault_twingo_gt_45.jpg;1
../data/modeling/other/07532.jpg;0
../data/modeling/renault/renault_twingo_gt_27.jpg;1
../data/modeling/other/ford_fiesta_45.jpg;0
../data/modeling/other/00459.jpg;0
../data/modeling/other/02901.jpg;0
../data/modeling/other/00587.jpg;0
../data/modeling/renault/renault_rs01_29.jpg;1
../data/modeling/renault/renault_scenic_gris_15.jpg;1
../data/modeling/other/00553.jpg;0
../data/modeling/other/06746.jpg;0
../data/modeling/renault/renault_twingo_gt_51.jpg;1
../data/modeling/other/05097.jpg;0
../data/modeling/renault/renault_kangoo_jaune_11.jpg;1
../data/modeling/other/05284.jpg;0
../data/modeling/renault/renault_laguna_noir_89.jpg;1
../data/modeling/other/citroen_ds3_42.jpg;0
../data/modeling/renault/renault_espace_gris_53.jpg;1
../data/modeling/renault/renault_kadjar_29.jpg;1
../data/modeling/renault/renault_talisman_gris_71.jpg;1
../data/modeling/other/audi_a4_57.jpg;0
../data/modeling/renault/renault_kadjar_bleu_76.jpg;1
../data/modeling/renault/renault_captur_bleu_1.jpg;1
../data/modeling/other/06513.jpg;0
../data/modeling/other/bmw_x4_20.jpg;0
../data/modeling/renault/renault_clio_rouge_77.jpg;1
../data/modeling/renault/renault_captur_bleu_79.jpg;1
../data/modeling/renault/renault_zoe_noir_31.jpg;1
../data/modeling/other/00449.jpg;0
../data/modeling/renault/renault_pulse_rouge_51.jpg;1
../data/modeling/renault/renault_espace_noir_20.jpg;1
../data/modeling/other/00503.jpg;0
../data/modeling/other/06248.jpg;0
../data/modeling/other/05418.jpg;0
../data/modeling/other/06506.jpg;0
../data/modeling/renault/renault_kangoo_blanc_66.jpg;1
../data/modeling/other/vw_passat_75.jpg;0
../data/modeling/renault/renault_fluence_noir_8.jpg;1
../data/modeling/renault/renault_wind_bleu_4.jpg;1
../data/modeling/renault/renault_talisman_violet_50.jpg;1
../data/modeling/other/07119.jpg;0
../data/modeling/other/07531.jpg;0
../data/modeling/other/07301.jpg;0
../data/modeling/renault/renault_clio_gt_4.jpg;1
../data/modeling/renault/renault_talisman_violet_10.jpg;1
../data/modeling/renault/renault_logan_gris_82.jpg;1
../data/modeling/other/06569.jpg;0
../data/modeling/renault/renault_wind_bleu_72.jpg;1
../data/modeling/other/06111.jpg;0
../data/modeling/other/07158.jpg;0
../data/modeling/other/audi_a4_4.jpg;0
../data/modeling/renault/renault_scenic_gris_32.jpg;1
../data/modeling/renault/renault_logan_gris_20.jpg;1
../data/modeling/other/07491.jpg;0
../data/modeling/renault/renault_twingo3_50.jpg;1
../data/modeling/renault/renault_clio_trophy_7.jpg;1
../data/modeling/renault/renault_fluence_63.jpg;1
../data/modeling/other/00540.jpg;0
../data/modeling/renault/renault_fluence_81.jpg;1
../data/modeling/other/audi_a8_77.jpg;0
../data/modeling/other/mercedes_class_e_18.jpg;0
../data/modeling/other/07370.jpg;0
../data/modeling/renault/renault_pulse_noir_88.jpg;1
../data/modeling/other/07743.jpg;0
../data/modeling/other/citroen_picasso_63.jpg;0
../data/modeling/renault/renault_zoe_gris_74.jpg;1
../data/modeling/renault/renault_rs01_26.jpg;1
../data/modeling/renault/renault_clio_noire_61.jpg;1
../data/modeling/renault/renault_zoe_400km_5.jpg;1
../data/modeling/renault/renault_twingo1_66.jpg;1
../data/modeling/renault/renault_talisman_42.jpg;1
../data/modeling/other/07654.jpg;0
../data/modeling/other/06359.jpg;0
../data/modeling/other/05666.jpg;0
../data/modeling/other/07946.jpg;0
../data/modeling/other/07056.jpg;0
../data/modeling/other/05275.jpg;0
../data/modeling/renault/renault_koleos_noir_6.jpg;1
../data/modeling/renault/renault_twingo_15.jpg;1
../data/modeling/other/audi_a3_13.jpg;0
../data/modeling/other/08090.jpg;0
../data/modeling/renault/renault_talisman_break_61.jpg;1
../data/modeling/renault/renault_kangoo_62.jpg;1
../data/modeling/renault/renault_koleos_60.jpg;1
../data/modeling/renault/renault_espace_noir_35.jpg;1
../data/modeling/renault/renault_megane_noir_9.jpg;1
../data/modeling/renault/renault_clio_rouge_48.jpg;1
../data/modeling/renault/renault_megane_gt_12.jpg;1
../data/modeling/other/mercedes_classe_c_23.jpg;0
../data/modeling/renault/renault_pulse_64.jpg;1
../data/modeling/other/00362.jpg;0
../data/modeling/renault/renault_rs01_27.jpg;1
../data/modeling/renault/renault_clio_rouge_47.jpg;1
../data/modeling/renault/renault_clio_19.jpg;1
../data/modeling/renault/renault_zoe_23.jpg;1
../data/modeling/renault/renault_clio_noire_11.jpg;1
../data/modeling/other/06306.jpg;0
../data/modeling/other/07948.jpg;0
../data/modeling/other/ford_fiesta_52.jpg;0
../data/modeling/other/audi_a4_38.jpg;0
../data/modeling/renault/renault_logan_4.jpg;1
../data/modeling/renault/renault_kadjar_noir_60.jpg;1
../data/modeling/other/07403.jpg;0
../data/modeling/other/peugeot_5008_35.jpg;0
../data/modeling/renault/renault_twingo_rs_50.jpg;1
../data/modeling/renault/renault_wind_rouge_62.jpg;1
../data/modeling/other/05508.jpg;0
../data/modeling/renault/renault_kadjar_noir_36.jpg;1
../data/modeling/other/06208.jpg;0
../data/modeling/other/06628.jpg;0
../data/modeling/renault/renault_captur_bleu_52.jpg;1
../data/modeling/other/06922.jpg;0
../data/modeling/other/citroen_picasso_48.jpg;0
../data/modeling/other/mercedes_class_e_21.jpg;0
../data/modeling/other/07285.jpg;0
../data/modeling/other/05024.jpg;0
../data/modeling/other/05167.jpg;0
../data/modeling/renault/renault_wind_rouge_7.jpg;1
../data/modeling/other/07031.jpg;0
../data/modeling/renault/renault_scenic_noir_48.jpg;1
../data/modeling/renault/renault_fluence_vert_8.jpg;1
../data/modeling/other/05622.jpg;0
../data/modeling/renault/renault_zoe_gris_80.jpg;1
../data/modeling/other/07872.jpg;0
../data/modeling/other/05109.jpg;0
../data/modeling/other/audi_a4_23.jpg;0
../data/modeling/other/06602.jpg;0
../data/modeling/renault/renault_espace_initial_81.jpg;1
../data/modeling/other/peugeot_108_25.jpg;0
../data/modeling/renault/renault_megane_trophy_3.jpg;1
../data/modeling/renault/renault_clio_blanche_49.jpg;1
../data/modeling/renault/renault_megane_26.jpg;1
../data/modeling/other/07712.jpg;0
../data/modeling/renault/renault_scenic_gris_25.jpg;1
../data/modeling/renault/renault_wind_74.jpg;1
../data/modeling/other/bmw_serie1_6.jpg;0
../data/modeling/renault/renault_clio_gt_50.jpg;1
../data/modeling/renault/renault_laguna_gris_11.jpg;1
../data/modeling/other/07911.jpg;0
../data/modeling/other/07810.jpg;0
../data/modeling/renault/renault_megane_rs_33.jpg;1
../data/modeling/other/05299.jpg;0
../data/modeling/renault/renault_talisman_blanc_58.jpg;1
../data/modeling/other/06255.jpg;0
../data/modeling/renault/renault_clio_noire_8.jpg;1
../data/modeling/other/07427.jpg;0
../data/modeling/other/00477.jpg;0
../data/modeling/other/00507.jpg;0
../data/modeling/other/toyota_yaris_65.jpg;0
../data/modeling/other/05184.jpg;0
../data/modeling/other/mercredes_formula1_car_58.jpg;0
../data/modeling/renault/renault_captur_orange_7.jpg;1
../data/modeling/renault/renault_megane_noir_49.jpg;1
../data/modeling/renault/renault_talisman_64.jpg;1
../data/modeling/other/00737.jpg;0
../data/modeling/renault/renault_fluence_vert_9.jpg;1
../data/modeling/other/citroen_c3_18.jpg;0
../data/modeling/renault/renault_fluence_rouge_33.jpg;1
../data/modeling/other/bmw_serie1_50.jpg;0
../data/modeling/renault/renault_clio_noire_27.jpg;1
../data/modeling/other/bmw_serie1_39.jpg;0
../data/modeling/renault/renault_talisman_break_43.jpg;1
../data/modeling/other/07799.jpg;0
../data/modeling/other/05071.jpg;0
../data/modeling/other/06041.jpg;0
../data/modeling/other/06227.jpg;0
../data/modeling/renault/renault_talisman_blanc_11.jpg;1
../data/modeling/renault/renault_talisman_65.jpg;1
../data/modeling/renault/renault_kangoo_jaune_25.jpg;1
../data/modeling/renault/renault_espace_noir_83.jpg;1
../data/modeling/renault/renault_kangoo_jaune_71.jpg;1
../data/modeling/other/06753.jpg;0
../data/modeling/renault/renault_kangoo_blanc_30.jpg;1
../data/modeling/other/00478.jpg;0
../data/modeling/other/ford_focus_10.jpg;0
../data/modeling/other/06352.jpg;0
../data/modeling/renault/renault_scenic_noir_12.jpg;1
../data/modeling/renault/renault_laguna_gris_51.jpg;1
../data/modeling/other/bmw_serie1_12.jpg;0
../data/modeling/other/00691.jpg;0
../data/modeling/renault/renault_talisman_break_69.jpg;1
../data/modeling/renault/renault_talisman_blanc_25.jpg;1
../data/modeling/other/00612.jpg;0
../data/modeling/renault/renault_talisman_43.jpg;1
../data/modeling/renault/renault_koleos_noir_56.jpg;1
../data/modeling/other/peugeot_5008_66.jpg;0
../data/modeling/renault/renault_captur_bleu_60.jpg;1
../data/modeling/other/07216.jpg;0
../data/modeling/renault/renault_megane_trophy_2.jpg;1
../data/modeling/renault/renault_rs16_8.jpg;1
../data/modeling/renault/renault_clio_30.jpg;1
../data/modeling/other/05791.jpg;0
../data/modeling/other/05090.jpg;0
../data/modeling/renault/renault_captur_rouge_10.jpg;1
../data/modeling/other/audi_a3_36.jpg;0
../data/modeling/other/00441.jpg;0
../data/modeling/renault/renault_scenic_noir_26.jpg;1
../data/modeling/other/citroen_c3_56.jpg;0
../data/modeling/other/06441.jpg;0
../data/modeling/other/05293.jpg;0
../data/modeling/other/07029.jpg;0
../data/modeling/renault/renault_clio_noire_32.jpg;1
../data/modeling/other/06960.jpg;0
../data/modeling/other/07984.jpg;0
../data/modeling/other/fiat_500_52.jpg;0
../data/modeling/renault/renault_zoe_400km_31.jpg;1
../data/modeling/renault/renault_r5_turbo2_67.jpg;1
../data/modeling/other/08044.jpg;0
../data/modeling/renault/renault_clio_blanche_55.jpg;1
../data/modeling/renault/renault_zoe_blanc_61.jpg;1
../data/modeling/renault/renault_clio_64.jpg;1
../data/modeling/other/05446.jpg;0
../data/modeling/renault/renault_koleos_blanc_61.jpg;1
../data/modeling/other/05910.jpg;0
../data/modeling/renault/renault_megane_57.jpg;1
../data/modeling/other/07250.jpg;0
../data/modeling/renault/renault_rs17_65.jpg;1
../data/modeling/other/06223.jpg;0
../data/modeling/renault/renault_talisman_noir_15.jpg;1
../data/modeling/renault/renault_clio_trophy_17.jpg;1
../data/modeling/renault/renault_scenic_48.jpg;1
../data/modeling/renault/renault_megane_gt_61.jpg;1
../data/modeling/renault/renault_r5_14.jpg;1
../data/modeling/other/06212.jpg;0
../data/modeling/other/fiat_500_30.jpg;0
../data/modeling/renault/renault_megane_noir_44.jpg;1
../data/modeling/renault/renault_koleos_blanc_60.jpg;1
../data/modeling/other/range_rover_33.jpg;0
../data/modeling/other/07801.jpg;0
../data/modeling/renault/renault_pulse_88.jpg;1
../data/modeling/renault/renault_twingo_rs_10.jpg;1
../data/modeling/other/ford_fiesta_48.jpg;0
../data/modeling/other/06945.jpg;0
../data/modeling/renault/renault_megane_56.jpg;1
../data/modeling/renault/renault_kangoo_jaune_8.jpg;1
../data/modeling/renault/renault_zoe_gris_75.jpg;1
../data/modeling/renault/renault_wind_18.jpg;1
../data/modeling/other/07992.jpg;0
../data/modeling/renault/renault_kangoo_jaune_6.jpg;1
../data/modeling/renault/renault_zoe_noir_2.jpg;1
../data/modeling/other/07190.jpg;0
../data/modeling/renault/renault_rs01_20.jpg;1
../data/modeling/renault/renault_clio_noire_9.jpg;1
../data/modeling/other/citroen_c3_64.jpg;0
../data/modeling/renault/renault_megane_trophy_63.jpg;1
../data/modeling/other/05882.jpg;0
../data/modeling/renault/renault_espace_initial_13.jpg;1
../data/modeling/other/00487.jpg;0
../data/modeling/other/06351.jpg;0
../data/modeling/other/00010.jpg;0
../data/modeling/renault/renault_wind_rouge_58.jpg;1
../data/modeling/renault/renault_logan_gris_89.jpg;1
../data/modeling/other/00568.jpg;0
../data/modeling/renault/renault_logan_gris_36.jpg;1
../data/modeling/renault/renault_captur_gris_42.jpg;1
../data/modeling/other/05846.jpg;0
../data/modeling/renault/renault_megane_jaune_12.jpg;1
../data/modeling/renault/renault_megane_rs_22.jpg;1
../data/modeling/other/audi_a4_67.jpg;0
../data/modeling/other/07481.jpg;0
../data/modeling/other/07340.jpg;0
../data/modeling/other/05605.jpg;0
../data/modeling/renault/renault_kadjar_bleu_19.jpg;1
../data/modeling/other/bmw_x4_11.jpg;0
../data/modeling/other/00676.jpg;0
../data/modeling/other/05431.jpg;0
../data/modeling/renault/renault_kadjar_noir_12.jpg;1
../data/modeling/renault/renault_clio_rouge_26.jpg;1
../data/modeling/other/ford_focus_11.jpg;0
../data/modeling/other/07814.jpg;0
../data/modeling/other/05504.jpg;0
../data/modeling/renault/renault_clio_76.jpg;1
../data/modeling/renault/renault_laguna_gris_90.jpg;1
../data/modeling/other/peugeot_5008_8.jpg;0
../data/modeling/renault/renault_captur_gris_73.jpg;1
../data/modeling/renault/renault_clio_62.jpg;1
../data/modeling/renault/renault_captur_orange_45.jpg;1
../data/modeling/other/06376.jpg;0
../data/modeling/renault/renault_captur_orange_8.jpg;1
../data/modeling/renault/renault_kangoo_5.jpg;1
../data/modeling/renault/renault_wind_rouge_29.jpg;1
../data/modeling/renault/renault_alaskan_8.jpg;1
../data/modeling/other/06535.jpg;0
../data/modeling/other/07242.jpg;0
../data/modeling/renault/renault_laguna_blanc_9.jpg;1
../data/modeling/other/05062.jpg;0
../data/modeling/other/06434.jpg;0
../data/modeling/other/06511.jpg;0
../data/modeling/other/ford_focus_63.jpg;0
../data/modeling/other/06597.jpg;0
../data/modeling/renault/renault_captur_rouge_40.jpg;1
../data/modeling/other/05514.jpg;0
../data/modeling/renault/renault_megane_21.jpg;1
../data/modeling/renault/renault_twingo3_49.jpg;1
../data/modeling/renault/renault_zoe_blanc_6.jpg;1
../data/modeling/renault/renault_clio_rouge_71.jpg;1
../data/modeling/other/citroen_picasso_1.jpg;0
../data/modeling/renault/renault_megane_noir_86.jpg;1
../data/modeling/renault/renault_clio_noire_14.jpg;1
../data/modeling/other/toyota_yaris_10.jpg;0
../data/modeling/other/05856.jpg;0
../data/modeling/renault/renault_espace_17.jpg;1
../data/modeling/renault/renault_talisman_noir_5.jpg;1
../data/modeling/other/peugeot_108_10.jpg;0
../data/modeling/other/audi_a4_17.jpg;0
../data/modeling/renault/renault_talisman_noir_38.jpg;1
../data/modeling/renault/renault_r5_turbo2_88.jpg;1
../data/modeling/other/06057.jpg;0
../data/modeling/renault/renault_twingo_29.jpg;1
../data/modeling/other/05971.jpg;0
../data/modeling/other/ford_focus_8.jpg;0
../data/modeling/other/07603.jpg;0
../data/modeling/other/06497.jpg;0
../data/modeling/renault/renault_clio_35.jpg;1
../data/modeling/renault/renault_espace_initial_11.jpg;1
../data/modeling/other/ford_fiesta_17.jpg;0
../data/modeling/other/05026.jpg;0
../data/modeling/renault/renault_logan_gris_21.jpg;1
../data/modeling/other/06773.jpg;0
../data/modeling/renault/renault_megane_32.jpg;1
../data/modeling/renault/renault_zoe_blanc_50.jpg;1
../data/modeling/renault/renault_kadjar_59.jpg;1
../data/modeling/renault/renault_clio_v6_69.jpg;1
../data/modeling/other/05314.jpg;0
../data/modeling/other/00024.jpg;0
../data/modeling/renault/renault_fluence_vert_11.jpg;1
../data/modeling/renault/renault_wing_sport_51.jpg;1
../data/modeling/renault/renault_scenic_noir_78.jpg;1
../data/modeling/other/05510.jpg;0
../data/modeling/renault/renault_captur_bleu_49.jpg;1
../data/modeling/renault/renault_alaskan_36.jpg;1
../data/modeling/renault/renault_pulse_noir_49.jpg;1
../data/modeling/other/08127.jpg;0
../data/modeling/renault/renault_clio_rs_46.jpg;1
../data/modeling/renault/renault_laguna_gris_7.jpg;1
../data/modeling/renault/renault_clio_trophy_42.jpg;1
../data/modeling/other/05546.jpg;0
../data/modeling/other/00564.jpg;0
../data/modeling/other/citroen_c3_51.jpg;0
../data/modeling/renault/renault_clio_rs_31.jpg;1
../data/modeling/other/07584.jpg;0
../data/modeling/other/07406.jpg;0
../data/modeling/other/audi_a8_11.jpg;0
../data/modeling/other/06758.jpg;0
../data/modeling/renault/renault_wind_bleu_91.jpg;1
../data/modeling/other/00488.jpg;0
../data/modeling/renault/renault_espace_gris_47.jpg;1
../data/modeling/other/05053.jpg;0
../data/modeling/other/ford_fiesta_57.jpg;0
../data/modeling/other/bmw_x4_57.jpg;0
../data/modeling/renault/renault_megane_bleue_46.jpg;1
../data/modeling/renault/renault_koleos_gris_29.jpg;1
../data/modeling/other/citroen_picasso_44.jpg;0
../data/modeling/renault/renault_laguna_gris_69.jpg;1
../data/modeling/renault/renault_captur_bleu_69.jpg;1
../data/modeling/renault/renault_pulse_jaune_63.jpg;1
../data/modeling/renault/renault_koleos_gris_72.jpg;1
../data/modeling/other/05111.jpg;0
../data/modeling/other/00596.jpg;0
../data/modeling/renault/renault_clio_rouge_4.jpg;1
../data/modeling/other/fiat_500_2.jpg;0
../data/modeling/renault/renault_megane_31.jpg;1
../data/modeling/other/05862.jpg;0
../data/modeling/renault/renault_captur_gris_27.jpg;1
../data/modeling/renault/renault_espace_50.jpg;1
../data/modeling/renault/renault_clio_trophy_45.jpg;1
../data/modeling/renault/renault_clio_blanche_62.jpg;1
../data/modeling/renault/renault_captur_rouge_60.jpg;1
../data/modeling/other/05966.jpg;0
../data/modeling/other/08079.jpg;0
../data/modeling/other/citroen_c3_52.jpg;0
../data/modeling/renault/renault_talisman_48.jpg;1
../data/modeling/renault/renault_clio_rs_75.jpg;1
../data/modeling/other/07093.jpg;0
../data/modeling/other/00424.jpg;0
../data/modeling/renault/renault_clio_trophy_12.jpg;1
../data/modeling/renault/renault_talisman_blanc_57.jpg;1
../data/modeling/other/07398.jpg;0
../data/modeling/other/07779.jpg;0
../data/modeling/renault/renault_captur_gris_86.jpg;1
../data/modeling/renault/renault_captur_gris_18.jpg;1
../data/modeling/other/range_rover_52.jpg;0
../data/modeling/renault/renault_scenic_noir_75.jpg;1
../data/modeling/renault/renault_talisman_break_64.jpg;1
../data/modeling/renault/renault_scenic_54.jpg;1
../data/modeling/other/06099.jpg;0
../data/modeling/renault/renault_talisman_break_39.jpg;1
../data/modeling/renault/renault_megane_rs_23.jpg;1
../data/modeling/other/07723.jpg;0
../data/modeling/other/05093.jpg;0
../data/modeling/renault/renault_talisman_blanc_43.jpg;1
../data/modeling/other/bmw_serie3_1.jpg;0
../data/modeling/other/06738.jpg;0
../data/modeling/renault/renault_kadjar_bleu_28.jpg;1
../data/modeling/renault/renault_pulse_71.jpg;1
../data/modeling/renault/renault_captur_jaune_10.jpg;1
../data/modeling/other/06010.jpg;0
../data/modeling/other/vw_polo_40.jpg;0
../data/modeling/renault/renault_megane_noir_68.jpg;1
../data/modeling/renault/renault_kadjar_24.jpg;1
../data/modeling/other/audi_a8_65.jpg;0
../data/modeling/other/ford_focus_14.jpg;0
../data/modeling/renault/renault_twingo3_29.jpg;1
../data/modeling/other/audi_a3_56.jpg;0
../data/modeling/other/06032.jpg;0
../data/modeling/renault/renault_captur_orange_21.jpg;1
../data/modeling/renault/renault_twingo1_44.jpg;1
../data/modeling/renault/renault_kangoo_blanc_56.jpg;1
../data/modeling/other/mercedes_classe_c_63.jpg;0
../data/modeling/renault/renault_twingo2_69.jpg;1
../data/modeling/renault/renault_pulse_noir_2.jpg;1
../data/modeling/renault/renault_twingo_81.jpg;1
../data/modeling/renault/renault_pulse_rouge_60.jpg;1
../data/modeling/renault/renault_koleos_gris_63.jpg;1
../data/modeling/renault/renault_koleos_blanc_23.jpg;1
../data/modeling/other/07446.jpg;0
../data/modeling/other/06075.jpg;0
../data/modeling/renault/renault_wing_sport_38.jpg;1
../data/modeling/other/00589.jpg;0
../data/modeling/other/06139.jpg;0
../data/modeling/renault/renault_twingo_rs_64.jpg;1
../data/modeling/renault/renault_scenic_noir_18.jpg;1
../data/modeling/renault/renault_clio_v6_88.jpg;1
../data/modeling/renault/renault_captur_gris_17.jpg;1
../data/modeling/renault/renault_koleos_noir_54.jpg;1
../data/modeling/other/07210.jpg;0
../data/modeling/renault/renault_espace_bleu_54.jpg;1
../data/modeling/other/05569.jpg;0
../data/modeling/other/peugeot_5008_48.jpg;0
../data/modeling/other/07185.jpg;0
../data/modeling/renault/renault_clio_v6_25.jpg;1
../data/modeling/renault/renault_espace_28.jpg;1
../data/modeling/other/bmw_serie1_32.jpg;0
../data/modeling/renault/renault_espace_noir_27.jpg;1
../data/modeling/renault/renault_clio_blanche_61.jpg;1
../data/modeling/renault/renault_wind_bleu_8.jpg;1
../data/modeling/renault/renault_pulse_blanc_87.jpg;1
../data/modeling/renault/renault_talisman_blanc_60.jpg;1
../data/modeling/renault/renault_kangoo_blanc_4.jpg;1
../data/modeling/renault/renault_megane_bleue_61.jpg;1
../data/modeling/other/00433.jpg;0
../data/modeling/other/bmw_serie3_4.jpg;0
../data/modeling/other/07751.jpg;0
../data/modeling/other/06762.jpg;0
../data/modeling/renault/renault_talisman_break_52.jpg;1
../data/modeling/renault/renault_talisman_gris_57.jpg;1
../data/modeling/other/05788.jpg;0
../data/modeling/renault/renault_rs17_54.jpg;1
../data/modeling/renault/renault_laguna_blanc_17.jpg;1
../data/modeling/renault/renault_laguna_gris_1.jpg;1
../data/modeling/other/06940.jpg;0
../data/modeling/renault/renault_kangoo_jaune_72.jpg;1
../data/modeling/other/bmw_serie1_64.jpg;0
../data/modeling/other/07608.jpg;0
../data/modeling/other/07866.jpg;0
../data/modeling/other/ford_fiesta_30.jpg;0
../data/modeling/renault/renault_scenic_jaune_52.jpg;1
../data/modeling/other/vw_golf_45.jpg;0
../data/modeling/other/05122.jpg;0
../data/modeling/renault/renault_fluence_40.jpg;1
../data/modeling/other/05220.jpg;0
../data/modeling/other/05933.jpg;0
../data/modeling/renault/renault_captur_rouge_49.jpg;1
../data/modeling/renault/renault_kadjar_bleu_34.jpg;1
../data/modeling/renault/renault_espace_initial_85.jpg;1
../data/modeling/other/07676.jpg;0
../data/modeling/renault/renault_megane_bleue_68.jpg;1
../data/modeling/renault/renault_zoe_200km_23.jpg;1
